AREA2-RS, 754, 26
SC-RS, 756, 45
LA-RS, 757, 72
SC-GA, 877, 18
LA-GA, 877, 70
UHS-LA, 913, 70
BALAY-GS, 1016, 46
LA-GS, 1017, 70
CHK-MA, 369, 180
SURP-EJS, 367, 238
UA-EJS, 367, 362
FA-EJS, 368, 488
SURP-MA, 419, 181
CSWCD-MA, 468, 184
MA-RS, 758, 192
QUEZON-UA, 488, 362
MA-YS, 520, 187
CMC-YS, 521, 224
MUSIC-YS, 521, 262
YS-OA, 522, 284
THEATER-OA, 604, 283
RA-EDSS, 523, 435
VARGAS-RA, 627, 434
OA-RS, 759, 282
RA-RS, 762, 430
MELCHOR-OA, 825, 283
LIB-OA, 897, 282
LAW-OA, 969, 280
MA-EMA, 1018, 192
OA-EMA, 1020, 280
ECON-OA, 1033, 296
BA-OA, 1042, 334
VINZONS-OA, 1042, 385
PALMA-RA, 844, 428
LIB-RA, 897, 427
EDUC-RA, 993, 425
RA-AMRS, 1020, 425
UPIS-QA, 1025, 514
EDSS-KS, 550, 482
ARKI-EDSS, 538, 557
ARKI-PDT, 649, 651
OUR-PDT, 647, 596
QA-PDT, 660, 563
ITDC-QA, 743, 523
QA-PVS, 763, 519
PALMA-QA, 813, 518
EEE-PVS, 755, 673
PVS-NSC, 764, 695
CSLIB-PVS, 772, 718
NIGS-PVS, 783, 766
DCS-PVS, 783, 780
RES-NSC, 929, 619
NSC-RES, 922, 666
NSC-AMPI, 852, 694
AMPI-NSC, 887, 668
AMPI-MATH, 875, 712
MATH-NSC, 901, 717
MATH-AMPI, 977, 714
CHEM-NSC, 977, 667
NIP-NSC, 999, 694
